<?xml version="1.0"?>
<options script="sockopts">
    <version major="2" comparison="ZMQ_VERSION_MAJOR == 2 &amp;&amp; ZMQ_VERSION_MINOR &lt; 2">
        <option name="hwm" type="uint64_t" mode="rw"/>
        <option name="swap" type="int64_t" mode="rw"/>
        <option name="affinity" type="uint64_t" mode="rw"/>
        <option name="identity" type="blob" mode="rw"/>
        <option name="rate" type="int64_t" mode="rw"/>
        <option name="recovery_ivl" type="int64_t" mode="rw"/>
        <option name="recovery_ivl_msec" type="int64_t" mode="rw"/>
        <option name="mcast_loop" type="int64_t" mode="rw"/>
        <option name="sndbuf" type="uint64_t" mode="rw"/>
        <option name="rcvbuf" type="uint64_t" mode="rw"/>
        <option name="linger" type="int" mode="rw"/>
        <option name="reconnect_ivl" type="int" mode="rw"/>
        <option name="reconnect_ivl_max" type="int" mode="rw"/>
        <option name="backlog" type="int" mode="rw"/>
        <option name="subscribe" type="blob" mode="w"/>
        <option name="unsubscribe" type="blob" mode="w"/>
        <option name="type" type="int" mode="r"/>
        <option name="rcvmore" type="int64_t" mode="r"/>
        <option name="fd" type="int" mode="r"/>
        <option name="events" type="uint32_t" mode="r"/>
    </version>
    <version major="2" comparison="ZMQ_VERSION_MAJOR == 2 &amp;&amp; ZMQ_VERSION_MINOR &gt;= 2">
        <option name="hwm" type="uint64_t" mode="rw"/>
        <option name="swap" type="int64_t" mode="rw"/>
        <option name="affinity" type="uint64_t" mode="rw"/>
        <option name="identity" type="blob" mode="rw"/>
        <option name="rate" type="int64_t" mode="rw"/>
        <option name="recovery_ivl" type="int64_t" mode="rw"/>
        <option name="recovery_ivl_msec" type="int64_t" mode="rw"/>
        <option name="mcast_loop" type="int64_t" mode="rw"/>
        <option name="sndbuf" type="uint64_t" mode="rw"/>
        <option name="rcvbuf" type="uint64_t" mode="rw"/>
        <option name="linger" type="int" mode="rw"/>
        <option name="reconnect_ivl" type="int" mode="rw"/>
        <option name="reconnect_ivl_max" type="int" mode="rw"/>
        <option name="backlog" type="int" mode="rw"/>
        <option name="subscribe" type="blob" mode="w"/>
        <option name="unsubscribe" type="blob" mode="w"/>
        <option name="type" type="int" mode="r"/>
        <option name="rcvmore" type="int64_t" mode="r"/>
        <option name="fd" type="int" mode="r"/>
        <option name="events" type="uint32_t" mode="r"/>
        <option name="sndtimeo" type="int" mode="rw"/>
        <option name="rcvtimeo" type="int" mode="rw"/>
    </version>
    <version major="3" comparison="ZMQ_VERSION_MAJOR == 3 &amp;&amp; ZMQ_VERSION_MINOR == 0">
        <option name="sndhwm" type="int" mode="rw"/>
        <option name="rcvhwm" type="int" mode="rw"/>
        <option name="affinity" type="uint64_t" mode="rw"/>
        <option name="identity" type="blob" mode="rw"/>
        <option name="rate" type="int" mode="rw"/>
        <option name="recovery_ivl" type="int" mode="rw"/>
        <option name="sndbuf" type="int" mode="rw"/>
        <option name="rcvbuf" type="int" mode="rw"/>
        <option name="linger" type="int" mode="rw"/>
        <option name="reconnect_ivl" type="int" mode="rw"/>
        <option name="reconnect_ivl_max" type="int" mode="rw"/>
        <option name="backlog" type="int" mode="rw"/>
        <option name="maxmsgsize" type="int64_t" mode="rw"/>
        <option name="subscribe" type="blob" mode="w"/>
        <option name="unsubscribe" type="blob" mode="w"/>
        <option name="type" type="int" mode="r"/>
        <option name="rcvmore" type="int" mode="r"/>
        <option name="fd" type="int" mode="r"/>
        <option name="events" type="int" mode="r"/>
        <option name="sndtimeo" type="int" mode="rw"/>
        <option name="rcvtimeo" type="int" mode="rw"/>
        <option name="rcvlabel" type="int" mode="r"/>
    </version>
    <version major="3" comparison="ZMQ_VERSION_MAJOR == 3 &amp;&amp; ZMQ_VERSION_MINOR == 1">
        <option name="sndhwm" type="int" mode="rw"/>
        <option name="rcvhwm" type="int" mode="rw"/>
        <option name="affinity" type="uint64_t" mode="rw"/>
        <option name="identity" type="blob" mode="rw"/>
        <option name="rate" type="int" mode="rw"/>
        <option name="recovery_ivl" type="int" mode="rw"/>
        <option name="sndbuf" type="int" mode="rw"/>
        <option name="rcvbuf" type="int" mode="rw"/>
        <option name="linger" type="int" mode="rw"/>
        <option name="reconnect_ivl" type="int" mode="rw"/>
        <option name="reconnect_ivl_max" type="int" mode="rw"/>
        <option name="backlog" type="int" mode="rw"/>
        <option name="maxmsgsize" type="int64_t" mode="rw"/>
        <option name="subscribe" type="blob" mode="w"/>
        <option name="unsubscribe" type="blob" mode="w"/>
        <option name="type" type="int" mode="r"/>
        <option name="rcvmore" type="int" mode="r"/>
        <option name="fd" type="int" mode="r"/>
        <option name="events" type="int" mode="r"/>
        <option name="sndtimeo" type="int" mode="rw"/>
        <option name="rcvtimeo" type="int" mode="rw"/>
    </version>
    <version major="3" comparison="(ZMQ_VERSION_MAJOR == 3 &amp;&amp; ZMQ_VERSION_MINOR == 2 &amp;&amp; ZMQ_VERSION_PATCH == 0)">
        <option name="sndhwm" type="int" mode="rw"/>
        <option name="rcvhwm" type="int" mode="rw"/>
        <option name="affinity" type="uint64_t" mode="rw"/>
        <option name="identity" type="blob" mode="rw"/>
        <option name="rate" type="int" mode="rw"/>
        <option name="recovery_ivl" type="int" mode="rw"/>
        <option name="sndbuf" type="int" mode="rw"/>
        <option name="rcvbuf" type="int" mode="rw"/>
        <option name="linger" type="int" mode="rw"/>
        <option name="reconnect_ivl" type="int" mode="rw"/>
        <option name="reconnect_ivl_max" type="int" mode="rw"/>
        <option name="backlog" type="int" mode="rw"/>
        <option name="maxmsgsize" type="int64_t" mode="rw"/>
        <option name="subscribe" type="blob" mode="w"/>
        <option name="unsubscribe" type="blob" mode="w"/>
        <option name="type" type="int" mode="r"/>
        <option name="rcvmore" type="int" mode="r"/>
        <option name="fd" type="int" mode="r"/>
        <option name="events" type="int" mode="r"/>
        <option name="sndtimeo" type="int" mode="rw"/>
        <option name="rcvtimeo" type="int" mode="rw"/>
        <option name="ipv4only" type="int" mode="rw"/>
        <option name="last_endpoint" type="string" mode="r"/>
        <option name="tcp_keepalive" type="int" mode="rw"/>
        <option name="tcp_keepalive_idle" type="int" mode="rw"/>
        <option name="tcp_keepalive_cnt" type="int" mode="rw"/>
        <option name="tcp_keepalive_intvl" type="int" mode="rw"/>
        <option name="tcp_accept_filter" type="blob" mode="rw"/>
    </version>
    <version major="3" comparison="(ZMQ_VERSION_MAJOR == 3 &amp;&amp; ((ZMQ_VERSION_MINOR == 2 &amp;&amp; ZMQ_VERSION_PATCH &gt; 0) || (ZMQ_VERSION_MINOR &gt; 2)))">
        <option name="sndhwm" type="int" mode="rw"/>
        <option name="rcvhwm" type="int" mode="rw"/>
        <option name="affinity" type="uint64_t" mode="rw"/>
        <option name="identity" type="blob" mode="rw"/>
        <option name="rate" type="int" mode="rw"/>
        <option name="recovery_ivl" type="int" mode="rw"/>
        <option name="sndbuf" type="int" mode="rw"/>
        <option name="rcvbuf" type="int" mode="rw"/>
        <option name="linger" type="int" mode="rw"/>
        <option name="reconnect_ivl" type="int" mode="rw"/>
        <option name="reconnect_ivl_max" type="int" mode="rw"/>
        <option name="backlog" type="int" mode="rw"/>
        <option name="maxmsgsize" type="int64_t" mode="rw"/>
        <option name="subscribe" type="blob" mode="w"/>
        <option name="unsubscribe" type="blob" mode="w"/>
        <option name="type" type="int" mode="r"/>
        <option name="rcvmore" type="int" mode="r"/>
        <option name="fd" type="int" mode="r"/>
        <option name="events" type="int" mode="r"/>
        <option name="sndtimeo" type="int" mode="rw"/>
        <option name="rcvtimeo" type="int" mode="rw"/>
        <option name="ipv4only" type="int" mode="rw"/>
        <option name="last_endpoint" type="string" mode="r"/>
        <option name="tcp_keepalive" type="int" mode="rw"/>
        <option name="tcp_keepalive_idle" type="int" mode="rw"/>
        <option name="tcp_keepalive_cnt" type="int" mode="rw"/>
        <option name="tcp_keepalive_intvl" type="int" mode="rw"/>
        <option name="tcp_accept_filter" type="blob" mode="rw"/>
        <option name="delay_attach_on_connect" type="int" mode="rw"/>
        <option name="xpub_verbose" type="int" mode="rw"/>
        <option name="router_mandatory" type="int" mode="w"/>
        <!--<option name="router_raw" type="int" mode="rw"/> -->
    </version>
    <version major="4" comparison="ZMQ_VERSION_MAJOR >= 4">
        <option name="sndhwm" type="int" mode="rw"/>
        <option name="rcvhwm" type="int" mode="rw"/>
        <option name="affinity" type="uint64_t" mode="rw"/>
        <option name="identity" type="blob" mode="rw"/>
        <option name="rate" type="int" mode="rw"/>
        <option name="recovery_ivl" type="int" mode="rw"/>
        <option name="sndbuf" type="int" mode="rw"/>
        <option name="rcvbuf" type="int" mode="rw"/>
        <option name="linger" type="int" mode="rw"/>
        <option name="reconnect_ivl" type="int" mode="rw"/>
        <option name="reconnect_ivl_max" type="int" mode="rw"/>
        <option name="backlog" type="int" mode="rw"/>
        <option name="maxmsgsize" type="int64_t" mode="rw"/>
        <option name="subscribe" type="blob" mode="w"/>
        <option name="unsubscribe" type="blob" mode="w"/>
        <option name="type" type="int" mode="r"/>
        <option name="rcvmore" type="int" mode="r"/>
        <option name="fd" type="int" mode="r"/>
        <option name="events" type="int" mode="r"/>
        <option name="sndtimeo" type="int" mode="rw"/>
        <option name="rcvtimeo" type="int" mode="rw"/>
        <option name="ipv4only" type="int" mode="rw"/>
        <option name="last_endpoint" type="string" mode="r"/>
        <option name="tcp_keepalive" type="int" mode="rw"/>
        <option name="tcp_keepalive_idle" type="int" mode="rw"/>
        <option name="tcp_keepalive_cnt" type="int" mode="rw"/>
        <option name="tcp_keepalive_intvl" type="int" mode="rw"/>
        <option name="tcp_accept_filter" type="blob" mode="rw"/>
        <option name="delay_attach_on_connect" type="int" mode="rw"/>
        <option name="xpub_verbose" type="int" mode="rw"/>
        <option name="router_mandatory" type="int" mode="w"/>
        <option name="router_raw" type="int" mode="rw"/>
        <option name="ipv6" type="int" mode="rw"/>
        <option name="plain_server" type="int" mode="rw"/>
        <option name="plain_username" type="blob" mode="rw"/>
        <option name="plain_password" type="blob" mode="rw"/>
        <option name="curve_server" type="int" mode="rw"/>
        <option name="curve_publickey" type="blob" mode="rw"/>
        <option name="curve_secretkey" type="blob" mode="rw"/>
        <option name="curve_serverkey" type="blob" mode="rw"/>
        <option name="probe_router" type="int" mode="rw"/>
        <option name="req_correlate" type="int" mode="rw"/>
        <option name="req_relaxed" type="int" mode="rw"/>
        <option name="conflate" type="int" mode="rw"/>
        <option name="zap_domain" type="blob" mode="rw"/>
    </version>
</options>
